{
    "reviews": [
        {
            "id": "rev-1",
            "locationId": "loc-1",
            "studentId": "stu-1",
            "rating": 5,
            "comment": "I would also like to say thank you to all your staff! I would gladly pay over 600 dollars for planet. Planet was worth a fortune to my company. After using planet my business skyrocketed!"
        },
        {
            "id": "rev-2",
            "locationId": "loc-1",
            "studentId": "stu-1",
            "rating": 5,
            "comment": "It's really wonderful. We have no regrets! Keep up the excellent work."
        },
        {
            "id": "rev-3",
            "locationId": "loc-1",
            "studentId": "stu-1",
            "rating": 5,
            "comment": "This is simply unbelievable! It's the perfect solution for our business. Really good. I don't always clop, but when I do, it's because of planet"
        },
        {
            "id": "rev-4",
            "locationId": "loc-1",
            "studentId": "stu-1",
            "rating": 2,
            "comment": "Planet is exactly what our business has been lacking. It's incredible. If you want real marketing that works and effective implementation - planet's got you covered."
        },
        {
            "id": "rev-5",
            "locationId": "loc-2",
            "studentId": "stu-2",
            "rating": 4,
            "comment": "Thanks planet! I was amazed at the quality of planet. Planet did exactly what you said it does."
        },
        {
            "id": "rev-6",
            "locationId": "loc-2",
            "studentId": "stu-2",
            "rating": 3,
            "comment": "I would also like to say thank you to all your staff. I would gladly pay over 600 dollars for planet. Planet was worth a fortune to my company. After using planet my business skyrocketed!"
        },
        {
            "id": "rev-7",
            "locationId": "loc-2",
            "rating": 2,
            "comment": "It's really wonderful. We have no regrets! Keep up the excellent work."
        },
        {
            "id": "rev-8",
            "locationId": "loc-2",
            "rating": 5,
            "comment": "This is simply unbelievable! It's the perfect solution for our business. Really good. I don't always clop, but when I do, it's because of planet"
        },
        {
            "id": "rev-9",
            "locationId": "loc-3",
            "rating": 5,
            "comment": "Planet is exactly what our business has been lacking. It's incredible. If you want real marketing that works and effective implementation - planet's got you covered."
        },
        {
            "id": "rev-10",
            "locationId": "loc-4",
            "rating": 5,
            "comment": "Thanks planet! I was amazed at the quality of planet. Planet did exactly what you said it does."
        }
    ]
}