{
  "locations": [
    {
      "id": "loc-1",
      "studentId": "stu-1",
      "name": "The Living Ocean of New Lemuria",
      "description": "Surviving is usually extremely difficult, especially when nutrients are scarce and you have to choose between growing or reproducing. One species on this planet has developed a nifty method to prepare for this. Once full matured, this species will split into 2 versions of itself and attached to each other, so it's essentially reproducing. Once those 2 are fully grown, they newly grown version will either detach itself if enough nutrients are available or it becomes a storage unit for the original, if nutrients are scarce. If nutrients continue to be scarce, the original will use slowly consume the nutrients in the new version in the hope that new nutrients become available again and it can repeat the cycle.",
      "photo": "https://res.cloudinary.com/apollographql/image/upload/v1644381344/odyssey/federation-course1/FlyBy%20illustrations/Landscape_4_lkmvlw.png"
    },
    {
      "id": "loc-2",
      "studentId": "stu-2",
      "name": "Vinci",
      "description": "Many of the creatures on this planet have evolved into gliders, so to speak. Most of the fish and aquatic mammals, despite coming in various shapes and sizes, tend to glide through the water without effort, similar to how manta's glide on Earth. However, the surface species are more astonishing. Similar to the flying squirrels or the vultures of Earth, many of the species on this planet have developed ways to effortlessly move from one place to another by using the winds. But there is one species which shows signs of sentience. These species, a type of bird, love to play and have become masters of flight. Similar to how dolphins play, explore and learn, these species use their intellect and courage to play and sometimes challenge each other to death defying tricks.",
      "photo": "https://res.cloudinary.com/apollographql/image/upload/v1644381349/odyssey/federation-course1/FlyBy%20illustrations/Landscape_15_tiqel5.png"
    },
    {
      "id": "loc-3",
      "studentId": "stu-3",
      "name": "Asteroid B-612",
      "description": "Nutrients are always needed but not always around, so organisms have to find ways to get them. Common ways are using different roots to find them in deep or shallow grounds or even stealing them from others, but on this planet many species have found a different balance. Unlike most plants on Earth who tend to only produce oxygen and nutrients, usually in the form of sugars, for itself, the organisms on this planet also produce other forms of nutrients for itself, usually for different purposes. These processes often lead to many byproducts which it doesn't need and are thus discarded. These discarded products are exactly what other species need to live and in turn produce byproducts it discards for the other organisms, leading to a delicate balance.",
      "photo": "https://res.cloudinary.com/apollographql/image/upload/v1644381343/odyssey/federation-course1/FlyBy%20illustrations/Landscape_6_vt6y3v.png"
    },
    {
      "id": "loc-4",
      "studentId": "stu-4",
      "name": "Krypton",
      "description": "Similar to the surface, the underwater world has little more to offer than basic lifeforms. However, this planet has an astonishing water world. Almost everything is covered in a type of sea-grass. This grass varies in length depending on the region, but they're all part of the same species. But what's probably more surprising are the 'flowers' you'll find in these fields of sea-grass. These flowers can only be described as primitive soft corals, but they're neither coral nor plant.",
      "photo": "https://res.cloudinary.com/apollographql/image/upload/v1644381344/odyssey/federation-course1/FlyBy%20illustrations/Landscape_9_kbenjj.png"
    },
    {
      "studentId": "stu-5",
      "id": "loc-5",
      "name": "Zenn-la",
      "description": "The plant-like organisms on this planet are made up of millions of flowers. Their combined colors and scents make for an amazing spectacle, but they leave little space for other species, which is why there are only very few bush and shrub species. Fungi, grasses and trees are non-existent.",
      "photo": "https://res.cloudinary.com/apollographql/image/upload/v1644381346/odyssey/federation-course1/FlyBy%20illustrations/Landscape_8_zd1e68.png"
    }
  ]
}